Text,URL,First_P_Tag_Content
Talking Smart Glass for the Blind,https://www.hackster.io/B45i/talking-smart-glass-for-the-blind-87d31e,
Irazu a sip-and-puff joystick,https://www.hackster.io/olman/irazu-a-sip-and-puff-joystick-573f88,"""Irazu"" is an affordable, sustainable, and user-friendly assistive technology device designed to aid people with disabilities, particularly those with quadriplegia or similar conditions, in accessing and controlling their computers. It enables users to move the mouse cursor using head or lip movements and perform cursor clicks through breath control (sip and puff)."
Untitled,https://www.hackster.io/hansrajbissessur/untitled-5d85d9,
Elder Walking Aid,https://www.hackster.io/daveware/elder-walking-aid-d5029d,"An elder person with dementia, progressively loose their capacity to keep exercised by walking. They loose sight, memory, but walking capacity is almost intact. I will try to keep this capacity as long as possible with long walking sessions. The aid will have also a rest mode, and a possible chamber pot for emergencies. I know all these, because  my own mother is already sick with this illness, and I must be forced to care her in the name of the love I have for my mother."
Swimming assistant for people with visual impairments,https://www.hackster.io/mrmolex/swimming-assistant-for-people-with-visual-impairments-9e0d01,
BeyondBound Adventures,https://www.hackster.io/esandi20221527/beyondbound-adventures-81cabe,What is your project about?
Untitled,https://www.hackster.io/narendran2/untitled-9db8d2,
Robust Big Piezo Button,https://www.hackster.io/AlainsProjects/robust-big-piezo-button-7a6b89,
IPEC ESP32 ATM90E32 IoT Power Energy Controller and Monitor,https://www.hackster.io/DitroniX/ipec-esp32-atm90e32-iot-power-energy-controller-and-monitor-3980d2,"Following in the successful footsteps of my IPEM board, a variation of this board has been produced, called IPEC (IoT Power Energy Controller and Monitor SDK)"
Smart Travel Crane,https://www.hackster.io/509122/smart-travel-crane-c249c6,
Helmet that help in Social Distancing.,https://www.hackster.io/2013lucasrodrigues/helmet-that-help-in-social-distancing-12071e,"The project about social distancing to reduce the spread of coronavirus disease 2019 or Covid-19. The goal is a turn on buzzer to indicate a minimum distance between two people and to alert if the distance for break up.  This project use a PIR sensor, arduino uno, buzzer, battery 9V and ultrasonic sensor. When  the distance between the people that use a  helmet and another people is less than 1.5 meters buzzer will turn on. While distance less than 1.5 and PIR sensor High the buzzer is active."
Digital MASK,https://www.hackster.io/2013lucasrodrigues/digital-mask-e65b15,
Respirator with Air Flow Artificial System,https://www.hackster.io/2013lucasrodrigues/respirator-with-air-flow-artificial-system-65c909,
Home automation by internet and palms,https://www.hackster.io/2013lucasrodrigues/home-automation-by-internet-and-palms-5ff921,
Contol lamp into the water with palms,https://www.hackster.io/2013lucasrodrigues/contol-lamp-into-the-water-with-palms-02b9a7,"Control to  a Tesla Coil with palms because it¬¥s innovation turn on and off light no cable and into the water. The people were surprised. I used arduino uno and relay shield, sound sensor, source de 32V e Coil with TIP 31  transistor. The arduino to turn on pin and closed relay, turn on Coil. "
Automatic Home Oficce,https://www.hackster.io/2013lucasrodrigues/automatic-home-oficce-738f43,"My project is about automatic home office because the people in around world must stay home. My project is very simple using a shield relay, sound sensor e arduino uno, but very useful with three palms turn on humidifier and two palms turn on fan."
Low cost Outdoor Air Quality Monitoring System,https://www.hackster.io/mafzal/low-cost-outdoor-air-quality-monitoring-system-3fbc77,Air Quality is the biggest issue of current century and it's growing day by day due to rapid growth of industries specially under developed countries are facing very negative impact on human beings as well as on other living organisms due to air pollution. To combat with pollution firstly we need a system to measure the pollution so that all the stake holders of the system take mandatory measurements to protect the environment. There are many devices in the market for air quality monitoring but expensive to sort out the issue I have developed a device with low cost open source controllers and sensors to carry out that project with free cloud services.
IoT based health monitoring system | Arduino Project,https://www.hackster.io/rajeshjiet/iot-based-health-monitoring-system-arduino-project-69056f,"IoT based patient health monitoring system is a generic term given to any medical equipment that has internet capability and can measure one or more health data of a patient who is connected to the device such as heartbeat, body temperature, blood pressure, ECG, steps etc. The equipment can record, transmit and alert if there is any abrupt change in the patient‚Äôs health."
Sign Glove,https://www.hackster.io/rushilsaraswat/sign-glove-add90e,
microcade: Build-your-own Arcade Machine,https://www.hackster.io/jackdaly897/microcade-build-your-own-arcade-machine-e0aa93,
DIY 433MHz 4-Channels Wireless Switcher Circuit (Arduino),https://www.hackster.io/hesam-moshiri/diy-433mhz-4-channels-wireless-switcher-circuit-arduino-a742b8,
Wireless Home Automation (Control and Monitoring),https://www.hackster.io/hesam-moshiri/wireless-home-automation-control-and-monitoring-ea1160,"Nowadays home automation is a trending topic among electronic  enthusiasts and even the mass population. People are busy with their  life challenges, so an electronic device should take care of the home  instead! The majority of such devices need internet or Wi-Fi for  connectivity or they don‚Äôt offer a user-friendly GUI, but I decided to  design a standalone wireless monitoring/controlling unit that can be  adjusted using a graphical and touch-controlled LCD display."
Powerful Digital AC Dimmer Using STM32,https://www.hackster.io/hesam-moshiri/powerful-digital-ac-dimmer-using-stm32-7f6b45,
Stereo Digital FM Transmitter Circuit (Arduino Code),https://www.hackster.io/hesam-moshiri/stereo-digital-fm-transmitter-circuit-arduino-code-2dbd8d,
ESP8266 Smart Home Water Level Monitoring,https://www.hackster.io/Sketchwork/esp8266-smart-home-water-level-monitoring-5447a5,
ESP32 GPS Tracking Device | Waterproof,https://www.hackster.io/Sketchwork/esp32-gps-tracking-device-waterproof-fabc2b,
Enclosure design Smart Home using ESP32 Project,https://www.hackster.io/Sketchwork/enclosure-design-smart-home-using-esp32-project-f36486,
Raspberry pi Zero Hardware crypto wallet Enclosure design,https://www.hackster.io/Sketchwork/raspberry-pi-zero-hardware-crypto-wallet-enclosure-design-197171,
PECS Communication Board,https://www.hackster.io/AlainsProjects/pecs-communication-board-d91e82,"The Picture Exchange Communication System, or PECS, allows people with little or no communication abilities to communicate using pictures. People using PECS are taught to approach another person and give them a picture of a desired item in exchange for that item. By doing so, the person is able to initiate communication. A child or adult with autism can use PECS to communicate a request, a thought, or anything that can reasonably be displayed or symbolized on a picture card.I know you can buy such boards, but they are not cheap or flexible enough. You could also use a tablet, but Scott has already smashed 2 smartphones and my tablet. This one is sturdy, cheap and has a lot of options. So you can also just make several."
How to setup File Storage Server,https://www.hackster.io/iamsrajj/how-to-setup-file-storage-server-8d4001,
Empower the Visually Impaired with a Smart Blind Stick!,https://www.hackster.io/mohd08sohail/empower-the-visually-impaired-with-a-smart-blind-stick-3c4b95,If you want to see the video  :
HueFidget Fob - a LED Fidget Keychain,https://www.hackster.io/Vishalsoniindia/huefidget-fob-a-led-fidget-keychain-f04c88,
Auto 3-Axis Wheelchair Base Balance and Adjustment,https://www.hackster.io/nikilthapa/auto-3-axis-wheelchair-base-balance-and-adjustment-0f47ab,"Here, the 3-AXIS  auto wheelchair base balance and adjustment project has been presented. Its main objective that it always makes the sitting position steady and upright no matter what road surfaces and conditions are. The main focus is to make travel comfortable, confident and prevent any accident due to wheelchair fall down when he/she (mobility impairment person) goes along the uneven roads or terrain."
GameInclusive: Accessible Game Design Guidelines Initiative,https://www.hackster.io/esandi20221527/gameinclusive-accessible-game-design-guidelines-initiative-eda79a,What is my project about?
World describer,https://www.hackster.io/pablojr/world-describer-7d4083,What is the world around you like when you are blind? How difficult is to know what objects are within reach of your hands? Are there any pointed or sharp ones? Is there any flower? Is the cup of coffee steaming still?
Battleship. Interactive game using Amazon Alexa and LEGO EV3,https://www.hackster.io/jcoronelcortes/battleship-interactive-game-using-amazon-alexa-and-lego-ev3-8ac604,
Raspberry Pi Impact Force Monitor,https://www.hackster.io/jenfoxbot/raspberry-pi-impact-force-monitor-ca122c,
Untitled,https://www.hackster.io/viruthshaan30/untitled-c34208,
SwimBuoy,https://www.hackster.io/shashanklakshman/swimbuoy-7abf44,
Hive IA control of Honey Bee for person with disability,https://www.hackster.io/davide-cogliati/hive-ia-control-of-honey-bee-for-person-with-disability-0ab4dc,"My work is very technical, developing prototypes on request by costumers and working out all the board components and the development. This is something I like to do with passion. My main hobby is agriculture and honey bees growing all played as a second work with a lot of passion and willing. My hobby requires full movement capability because bee hives should be inspected periodically to recognize if some kind of problem is facing up. Why not to make this amazing activity accessible to people with disability that can't be free to work phisycally on the hives as I can. I think could be wonderful to make accessible an important part of this activity to everybody, makes you feel satisfied of what you are doing, you can do it! So I imagined after several days and weeks of observation that hearing to sound coming from a Hive can give many information on state of health, strenght, working willness of the bees. To do this some hardware is necessary, the best is to develop something low cost yet wotking well. This is not sufficient to do this development, more,  is necessary an appropriate software playing some specified rules that can help you to understand the data (sound) coming from a hive. I spent lot of time to think about these rules and what I developed yet being quite easy seems to work well  against what I can observe in the hive. Hoping this work can be useful to whom  has phisycal limitation but a high grade of willness to start their own activity with honey bees, and this can become a real work for them. No limits to your passion. "
GelƒÅre: Depth-sensing & EdgeImpulse powered Assistive-Robots,https://www.hackster.io/503542/gelare-depth-sensing-edgeimpulse-powered-assistive-robots-491700,
Untitled,https://www.hackster.io/alibert/untitled-2c48e0,
Voice Enabled Shishi Odoshi Fountain,https://www.hackster.io/Forward16/voice-enabled-shishi-odoshi-fountain-c4b54b,
Urban Farming Overseer,https://www.hackster.io/gawain2/urban-farming-overseer-eb0fd4,EEP T2 Team 4
Swim'Safe: An Underwater Drown Detection Beacon for Disabled,https://www.hackster.io/PSoC_Rocks/swim-safe-an-underwater-drown-detection-beacon-for-disabled-0ec0d3,
Bee Integration into Commercial Urban Farms,https://www.hackster.io/jschong117/bee-integration-into-commercial-urban-farms-9dabb3,
Visual Assistant System for Swimmers with visual impairments,https://www.hackster.io/parikshitsaha/visual-assistant-system-for-swimmers-with-visual-impairments-6d6031,REMAINED INCOMPLETE DUE TO NOT RECEIVING HARDWARE
Smart Prosthetic Leg for leg amputates,https://www.hackster.io/parikshitsaha/smart-prosthetic-leg-for-leg-amputates-30e88d,REMAINED INCOMPLETE DUE TO NOT RECEIVING HARDWARE
Low Cost Eye tracker based gaming system,https://www.hackster.io/parikshitsaha/low-cost-eye-tracker-based-gaming-system-cc0f36,REMAINED INCOMPLETE DUE TO NOT RECEIVING HARDWARE
Real-life FarmVille: Photogrammetry for Hydroponics,https://www.hackster.io/ivanchavs7/real-life-farmville-photogrammetry-for-hydroponics-ee3f8e,
Build Your Own Plants Moisture-Meter üéâ,https://www.hackster.io/Mwala/build-your-own-plants-moisture-meter-8777ad,
Guiding Waves:An Assistive Feedback Belt For Blind Swimmers,https://www.hackster.io/akshay6766/guiding-waves-an-assistive-feedback-belt-for-blind-swimmers-4eea5f,"By introducing the Assistive Guidance belt, my intend to revolutionize this scenario. This innovative belt combines the power of  sonar, gyroscopes, and other tracking sensors to offer dynamic, real-time navigational support. As the swimmer progresses, the belt processes data from these sensors, allowing the device to determine the optimal course and provide immediate feedback.  Through auditory cues transmitted via  haptic vibrations, the swimmer receives continuous orientation information from Haptic Vibration Sensor. This eliminates the requirement for a second person to guide them and promotes an independent swimming experience. The Assistive Guidance belt goes beyond mere collision avoidance; it empowers visually impaired individuals to swim confidently in a straight line while being aware of their surroundings at all times.This belt also comes with emergency features Like Airbag Deployment,Laser light to attract guards during emergency etc"
Insect Detection and Recognition System,https://www.hackster.io/cbitterfield/insect-detection-and-recognition-system-7f33f4,
ESP32-Controller-Board,https://www.hackster.io/hamzadenizyilmaz/esp32-controller-board-e5c887,Thanks again @PCBWay for sponsoring my project. PCBWay You can have your PCB boards produced for 10$. And it provides all kinds of printing and assembly services.
Fall Detection & Alert,https://www.hackster.io/dxcfl/fall-detection-alert-131971,"For people - especially for people already having mobility issues -  experiencing a fall unnoticed by others can have severe health consequences. Besides the obvious possibility of injuries as direct result of the impact, further health damage is often the consequence if medical aid and treatment cannot be obtained within a short time. The accident situation gets aggravated, if the person is no longer able to call for help due to immobility or unconsciousness."
Computer Vision Assisted Voice Based Image Captioning,https://www.hackster.io/kmabubeker/computer-vision-assisted-voice-based-image-captioning-f353f2,
Remote-controlled Bed for Individuals who are Bedridden,https://www.hackster.io/nsudemaduka/remote-controlled-bed-for-individuals-who-are-bedridden-16ffa4,
AquaEase: Effortless Smart Hydration for Armless Amputees.,https://www.hackster.io/jay1503asd/aquaease-effortless-smart-hydration-for-armless-amputees-e214b3,
ChessifAId,https://www.hackster.io/tanzania-open-innovation-organisation-toio/chessifaid-fa2c6e,"Imagine a world where chess is not just a game, but an inclusive experience that brings joy to everyone, regardless of their abilities. Introducing ChessifAId, an innovative project that uses voice and gesture interaction to make chess accessible and engaging for people with disabilities."
SwimSense,https://www.hackster.io/husseinshaukatali10/swimsense-ca7c70,"Imagine the freedom of swimming without limitations, where even the water's edge is conquered with certainty. Welcome to SwimSense, a pioneering initiative that blends cutting-edge computer vision and vibrating sensors to empower individuals with visual impairments to swim with confidence, ease, and safety."
TriEd,https://www.hackster.io/husseinshaukatali10/tried-38dc21,Project Name: TriEd GreenWheel - Empowering Inclusive Mobility
Self-Supervised Monocular Vision system for Robot Perception,https://www.hackster.io/509969/self-supervised-monocular-vision-system-for-robot-perception-28db7b,
We offer affordable educational toys .,https://www.hackster.io/thimithnavodya/we-offer-affordable-educational-toys-6128db,
Fall detection and Human vitals metrics Assist,https://www.hackster.io/agent-override-6/fall-detection-and-human-vitals-metrics-assist-1dbe64,
Fall detection and Human vitals metrics Assist,https://www.hackster.io/agent-override-6/fall-detection-and-human-vitals-metrics-assist-10ce90,"This project is for fall detection for elderly and patients in hospitals and at homes, also it displays human vital statistics from the heart and blood oxygen sensors on a dashboard. M5Stack is a suitable platform for this project due to small form factor and ease of interfacing sensors and connectivity to the cloud for storing and performing analytics on the data, also this allows for using and creating ML models."
B2G 1-- Swimming Theme - Making Waves with Water IoT,https://www.hackster.io/skruglewicz/b2g-1-swimming-theme-making-waves-with-water-iot-b1699e,Venturing into Uncharted Waters: Creating a Waterproof IoT Device for Lap Swimmers
EchoSight,https://www.hackster.io/rocorangelg/echosight-8c1984,
NBot,https://www.hackster.io/embeddedguy01/nbot-57615f,
SwimSense - Vision-free swimming with haptics,https://www.hackster.io/rahulkhanna/swimsense-vision-free-swimming-with-haptics-43126c,
Untitled,https://www.hackster.io/tylerfentie/untitled-25cf58,
Real World Driving Simulator For Any Game & Physical Vehicle,https://www.hackster.io/suyashsonkesaria/real-world-driving-simulator-for-any-game-physical-vehicle-9b8c52,"This is the driving simulator, we can play car racing came with it. This stick or throttle is for moving forward & reverse. And steering wheel is used to turn left & right."
Ink Display showing reminders and messages,https://www.hackster.io/carmodyk/ink-display-showing-reminders-and-messages-21b555,
General keypad,https://www.hackster.io/user07536352/general-keypad-282997,
Smart GSM-Equipped Walking Stick for the Blind,https://www.hackster.io/nsudemaduka/smart-gsm-equipped-walking-stick-for-the-blind-4357f5,"To help the blind navigate their environment safely without hitting obstacles, and be able to notify their caregivers in emergency situations, I developed this smart walking stick; an innovative device equipped with cutting-edge sensors and GSM technology. It uses the distance readings obtained with an HCSR04 ultrasonic sensor to detect obstacles on the way of the blind. Alarm and vibrator are activated when the blind person is in close proximity to an obstacle. If he accidentally hits an obstacle, the smart stick will start calling and texting his/her caregiver. The SMS sent has his Google map link of his location, which when clicked by the caregiver, brings out his location in Google map. The stick also has a panic button, which when pressed, causes the stick to start calling and texting the caregiver. "
Safedge AI camera,https://www.hackster.io/swaroopsss2008/safedge-ai-camera-b60207,
Mooshika,https://www.hackster.io/vimal1personal/mooshika-896035,
Pool Lane Boundaries / Buzzer,https://www.hackster.io/airlaflare/pool-lane-boundaries-buzzer-177603,
Guided Seas,https://www.hackster.io/pius4109/guided-seas-5e7459,
FireFicator,https://www.hackster.io/ja-rue/fireficator-04626a,"Is there anything better in the winter than a cozy fireplace in the house? If the fire is burning, it never gets cold!"
AquaVibes Band - Acquatic Vibration for Enhanced Safety,https://www.hackster.io/abdullahim1900464/aquavibes-band-acquatic-vibration-for-enhanced-safety-a1f087,Enhancing Safety and Independence for Visually Impaired Swimmers
Hand Spray With Person Sensor,https://www.hackster.io/guillengap/hand-spray-with-person-sensor-a400c1,
PathFinder: (An Intelligent Walking Stick with sensors),https://www.hackster.io/abdullahim1900464/pathfinder-an-intelligent-walking-stick-with-sensors-6bb628,
SCUTTLE Self-Balancing Robot,https://www.hackster.io/scuttle-robotics/scuttle-self-balancing-robot-6b1e46,
LOTP Two-Wheeled Self-Balancing Robot,https://www.hackster.io/reductalimenitis/lotp-two-wheeled-self-balancing-robot-2b6477,LOTP (stands for ‚ÄúLine On The Paper‚Äù) Two-Wheeled Self-Balancing Robot Project is an open source ‚ÄìDIY- project. It can maintain its own balance and can be controlled remotely via wireless connection.
Lotp Robot Dog V2,https://www.hackster.io/reductalimenitis/lotp-robot-dog-v2-73384f,"Animal-inspired drones and robots have now been observed accomplishing a wide variety of tasks, including surveillance, predictive maintenance in industrial settings, and as mobile payload transportation system for when a situation becomes too dangerous for a human. But unlike the current robots, I wanted to make a quadruped robot dog that was comprised entirely of replaceable modules rather than a monolithic system. This modular approach allows for the robot to be adapted in many more ways than a traditional one, and as new modules are introduced, the platform's capabilities can be greatly enhanced."
Weather Notifier With Blues,https://www.hackster.io/guillengap/weather-notifier-with-blues-f74b67,
Wall Early Warning System for Swimming Laps,https://www.hackster.io/3DPrinterDoctor/wall-early-warning-system-for-swimming-laps-4ba356,The Build2Gether competition really inspired me to try and build something which could assist someone who has a disability which prevents them from doing something they love.
Space Invaders Game Using Blues And Accelerometer,https://www.hackster.io/guillengap/space-invaders-game-using-blues-and-accelerometer-caadc1,
Drive by Smile,https://www.hackster.io/alistair/drive-by-smile-7395fa,
Handclap AC Switch Control,https://www.hackster.io/ahmedibrrahim/handclap-ac-switch-control-c3d5c9,"Makers always look at the simplest and shortest way to get things done. So, today we will learn how to control our home light switch in the simplest and quickest way."
Arduino Bluetooth-Controlled Motorized Camera Slider,https://www.hackster.io/ahmedibrrahim/arduino-bluetooth-controlled-motorized-camera-slider-b46308,
IoT Using Raspberry Pi and Firebase and Android,https://www.hackster.io/ahmedibrrahim/iot-using-raspberry-pi-and-firebase-and-android-dbe61d,
Intercom and smart controller mounted on wheelchair and roll,https://www.hackster.io/ecasti/intercom-and-smart-controller-mounted-on-wheelchair-and-roll-9a4691,
The SaveGuard Cane,https://www.hackster.io/khaileng0428/the-saveguard-cane-9024cd,
The HandyPager,https://www.hackster.io/pius4109/the-handypager-599458,"Pagers are electronic devices primarily employed by individuals who are unwell or have disabilities to get in touch with their caregivers. While pagers are not a recent innovation and have a long history, the focus of this project is to cater to individuals with mobility challenges, particularly those affected by muscle dystrophy."
A Laser Guided Swimming Lane Aid,https://www.hackster.io/511349/a-laser-guided-swimming-lane-aid-d21bf0,People with visual impairments can face difficulties staying within their designated lanes in a swimming pool for several reasons:
Cheering Watch of M5StickC&V,https://www.hackster.io/anoken2017/cheering-watch-of-m5stickc-v-34f0cc,
Vision Based Human-Robot Interaction with EdgeImpulse,https://www.hackster.io/dhruvsheth_/vision-based-human-robot-interaction-with-edgeimpulse-77cc80,
7DOF Robotic ARM Demo,https://www.hackster.io/vslcreations/7dof-robotic-arm-demo-e7b211,7DOF Robotic ARM Demo | EMG Technology | WiFi Control | Blynk IoT 
Empowering Disabled Gamers with Gesture-Controlls for Tetris,https://www.hackster.io/gustavsandersons/empowering-disabled-gamers-with-gesture-controlls-for-tetris-e3d5d6,
"Fumik: Open-source, wall drawing robot",https://www.hackster.io/whitebank/fumik-open-source-wall-drawing-robot-c0a767,"In August 2021, I got an idea to make a robot be able to draw pictures on a wall. After many days researching, designing, and programming, I finally finished a robot that could draw any pattern on a wall."
Gaming with Disabilities: Face Tracking Game Controller,https://www.hackster.io/PSoC_Rocks/gaming-with-disabilities-face-tracking-game-controller-8128d8,
Voice-Enabled Video Game Controller,https://www.hackster.io/rhammell/voice-enabled-video-game-controller-c76200,
Global Banknote Value Identifier,https://www.hackster.io/dipowin/global-banknote-value-identifier-8081d6,
SwimSight,https://www.hackster.io/JuanVi/swimsight-5d34b2,
Haptic Swim Assistant for Low Visibility Swimmers,https://www.hackster.io/thedonutsorelse/haptic-swim-assistant-for-low-visibility-swimmers-877de7,
SmoothRide: Auto Wheelchair with Speed Control (Prototipe 1),https://www.hackster.io/rifqiabdillah/smoothride-auto-wheelchair-with-speed-control-prototipe-1-a2d934,
SCABO - Low cost yet AR-enabled cardboard toy kits,https://www.hackster.io/PhuongGM/scabo-low-cost-yet-ar-enabled-cardboard-toy-kits-5f6294,
Mid-air display with haptic feedback,https://www.hackster.io/PhuongGM/mid-air-display-with-haptic-feedback-8f0093,
Self Driving Wheelchair for People with Mobility Impairment,https://www.hackster.io/kabilankb2003/self-driving-wheelchair-for-people-with-mobility-impairment-7a87af,What is your project about?
Indoor IoT Infection Risk Monitor with Blues and Qubitro,https://www.hackster.io/prasannaa-kumar/indoor-iot-infection-risk-monitor-with-blues-and-qubitro-10a33b,
Swimmer Assistive System,https://www.hackster.io/teamprof/swimmer-assistive-system-e34075,"IntroductionSwimming can be challenging for people with visual impairments. They may have difficulty orienting themselves in the water and staying in their lane, without veer off course toward the lane line. They may also have difficulty knowing when they have reached the end of the pool.We propose a Swimmer Assistive System that consists of computer vision equipment and a Bluetooth-enabled bone conduction earphone.The computer vision equipment includes a Coral Micro Board and an ESP32 Dev Kit: the Coral Micro Board identifies the swimmer‚Äôs location, while the ESP32 Dev Kit that broadcasts audible feedback via Bluetooth.The swimmer wears a bone conduction earphone, that is enabled with Bluetooth, to hear their location that is inferred by the computer vision equipment."
AI-driven BLE Travel Emergency Assistant w/ Twilio,https://www.hackster.io/kutluhan-aktar/ai-driven-ble-travel-emergency-assistant-w-twilio-a948b0,"Heartbreakingly and unfortunately, people with disabilities are more likely to be victims of violence, theft, verbal abuse, and neglect while traveling, especially travelers with mobility impairments. In overall crime estimations, people with disabilities have a higher risk, at least four to ten times, of being a victim[1]. Considering the discouragement of these heinous crimes hurting vacation plans of people with mobility impairments, it has become necessary to provide them with state-of-the-art assistive devices so as to preclude offenders from committing crimes against people with disabilities."
IoT based Smart Walking Stick for Elderly/Disabled Peoples,https://www.hackster.io/maheshyadav216/iot-based-smart-walking-stick-for-elderly-disabled-peoples-588272,
Person Detection for People with Disability,https://www.hackster.io/dadanugm07/person-detection-for-people-with-disability-73cefc,"This project contains hardware design for person detection device to help people with low vision or disability. indicator result of detection will be delivered through A2DP Bluetooth transmitter to wireless Headset/Speaker. To be able to perform person sensor detection, main controller/microcontroller will be needed. In this project, an ESP32 board will be used."
Gesture Tetris,https://www.hackster.io/misaz/gesture-tetris-f1e578,"Gesture Tetris is novel implementation of classic Tetris game. Instead of keyboard it is controlled directly by user hand swiping in the air in front of the infrared gesture sensor. Project feature MAX32620 microcontroller and MAX25405 Gesture Sensor which together creates perfect base for gesture detection projects and also offers very easy device build and assembly. This bundle is available as commercially available evaluation kit from Analog Devices and this project is rather smart utilization of this kit instead of complex breadboard or other DIY circuit. It is very easy to build the kit and run the game. The software side of the game is implemented as an online game which uses modern JavaScript API for communicating with the physical device and do not require any software installed on computer. Naturally work on Windows, Linux and Mac."
virtual joystick with face movement,https://www.hackster.io/min-ma/virtual-joystick-with-face-movement-e21637,
A LED Gaming Platform For People With Special Needs.,https://www.hackster.io/AlainsProjects/a-led-gaming-platform-for-people-with-special-needs-c4634b,"Scott, our son is now 17 years old. He is a non-verbal autistic. It has become very difficult to keep him occupied and happy. He likes flashing lights and different sounds, but all the toys in his hands don't last two minutes with him."
Chess Vision-Inclusive,https://www.hackster.io/smprof/chess-vision-inclusive-264401,"The project aims to bridge the gap between digital chess platforms and tactile, inclusive gameplay for individuals with visual disabilities. Leveraging computer vision technology, our system will interface with popular chess platforms like chess.com, capturing moves from the screen (whether on a desktop or mobile device) and translating them to a physical, tactile chess set. This innovation goes beyond existing solutions by enabling real-time, interactive play on a physical board, creating a seamless and inclusive gaming experience. Our project aligns with the growing interest in accessibility within the chess community, as seen in chess.com's recent initiatives. Additionally, our technology has the potential for broader applications, enhancing the gaming experience for all and promoting inclusivity in digital entertainment. Through integration with platforms like Feelif Chess, we aspire to create a universal solution that empowers individuals with visual impairments to enjoy chess across various digital environments.What we completed:"
"AI machine, that help people with visual Impairments swim",https://www.hackster.io/gustavsandersons/ai-machine-that-help-people-with-visual-impairments-swim-df54b6,
Underwater Sound Beacons for Visually Impaired Swimmers,https://www.hackster.io/rhammell/underwater-sound-beacons-for-visually-impaired-swimmers-b1aa85,
The Eye Guided Game Controller,https://www.hackster.io/chamal82/the-eye-guided-game-controller-2fccaa,
Interactive Display for Finding Wheelchair-Accessible Places,https://www.hackster.io/rhammell/interactive-display-for-finding-wheelchair-accessible-places-6020f1,
Exploring digital content with eye control,https://www.hackster.io/stefan50/exploring-digital-content-with-eye-control-734d5e,"The Swiss Paraplegic Center is developing a platform that gives tetraplegics and people with limited hand functions barrier-free access to the digital world. Those affected can interact in the ParaVerse platform using XR glasses using only eye control. They can use it to surf the web, watch YouTube videos and contact their loved ones via messenger app. All this without using their hands or voice, which is particularly beneficial for newly injured people. The caregiver only needs to assist in putting on the glasses. In addition to increased independence, this will give those affected a large portion of privacy back."
Travel Comfort Tracker for People with Disabilities,https://www.hackster.io/PSoC_Rocks/travel-comfort-tracker-for-people-with-disabilities-b45524,
"Careful please I am here, I am moving, respect",https://www.hackster.io/davide-cogliati/careful-please-i-am-here-i-am-moving-respect-658e23,"I was walking by the road, some traffic of cars and many people walking. Lonely a wheelchair was moving slowly trying to avoid all obstacles. It was really hardly to see it because the average height was 1, 50 meter or so. Why not to use something flashing in a special way to show the presence of the wheelchair and the disable boy riding it. Something really simple and easy to build but effective. I think working objects should not be complicated but easy to use and to understand. To present this idea at the ""build2together"" challenge I thought to something very easy and cheap to find, but it is what you need, not costly hardware but most simple."
AquaSight: Empowering Visually Impaired Swimmers,https://www.hackster.io/timothy_malche/aquasight-empowering-visually-impaired-swimmers-5bb781,
Computer control using Morse code.,https://www.hackster.io/MaxPowerr/computer-control-using-morse-code-39dd20,
YES Wheelchair,https://www.hackster.io/Chakapat_Chokchaisiri/yes-wheelchair-1b48aa,
Smart Traffic Lights,https://www.hackster.io/wesee/smart-traffic-lights-0d3bf9,
Haptic Vision Assist,https://www.hackster.io/colonelpanic/haptic-vision-assist-ac670f,"This is my first  submission to Hackster.io. My project does not fit perfectly into the swimming solution challenge, it is more of a general mobility tool for individuals who have visual impairments.  My fiance and her son have a genetic eye condition called Retinitis Pigmentosa. Living with a visually impaired partner has allowed me to witness the challenges that people with vision disabilities face on a daily basis. I have worked with her closely to develop a tool that can assist her and others with visual impairments in navigating environments where obstacle avoidance is necessary. This project began before I learned about the Build2Gether challenge. Over the course of a year I have learned to use M5stack and UIflow. To learn the platform, I challenged myself  to rapidly prototype an idea a day. During this time I began developing the basic framework for this project with input from my partner. My hope is that this will stand as an example of what can be achieved through a willingness to learn, diligence, and care. M5stack provides a powerful platform for rapidly prototyping and testing these kinds of devices. This project would not have been possible without the ingenuity of M5stack's products, code logic advice from Jilles Groenendijk, and the priceless input from my wonderful partner Amanda. Getting to speak with Marc Chiang was an absolute treat. He and my partner have the same eye condition. Mr. Chiang shared resources with her as well as providing input and perspective for this project. This is a labor of love. No neural networks,  apart from human, were used to generate this code or design."
Electrooculography (EOG) based human-computer interface,https://www.hackster.io/brainsmiths/electrooculography-eog-based-human-computer-interface-3e60c4,
Myo-Assist Knee Brace,https://www.hackster.io/s4muela/myo-assist-knee-brace-124919,
Wheelchair assist for people with mobility impairments,https://www.hackster.io/gustavsandersons/wheelchair-assist-for-people-with-mobility-impairments-6ed584,
Ultrasonic Ranging and Obstacle Avoidance for Swimming,https://www.hackster.io/michael-ma3/ultrasonic-ranging-and-obstacle-avoidance-for-swimming-689a05,
Traveling Guide with GPS and Cloud,https://www.hackster.io/michael-ma3/traveling-guide-with-gps-and-cloud-5c2b58,
Control Home Appliances Using Alexa,https://www.hackster.io/eslam-fayad/control-home-appliances-using-alexa-594ddf,In this project we are going to build a smart home system to control home appliances
B2G 2 -- TRAVELLING for people with mobility impairments,https://www.hackster.io/skruglewicz/b2g-2-travelling-for-people-with-mobility-impairments-a8baf1,
OHMni-Stick,https://www.hackster.io/oneohm/ohmni-stick-feec50,"The OHMni-Stick is fully documented on Hackaday.io, but here are some highlights:"
Robot Arms for Accessibility,https://www.hackster.io/thedonutsorelse/robot-arms-for-accessibility-ac2f04,
Audio visual fence for visually impaired,https://www.hackster.io/dhq/audio-visual-fence-for-visually-impaired-8295e8,Introduction
vPlug: Empowering People with Mobility Impairments,https://www.hackster.io/timothy_malche/vplug-empowering-people-with-mobility-impairments-f1ccfe,
RollRight: AI-Driven Doorway,https://www.hackster.io/ksm/rollright-ai-driven-doorway-20f9bc,
Cheza Pona,https://www.hackster.io/512307/cheza-pona-2d0c47,
Play and study with M5Stack Core 2!,https://www.hackster.io/RucksikaaR/play-and-study-with-m5stack-core-2-f86b35,Attention-deficit/ hyperactivity disorder (ADHD) is a neurodevelopmental condition that can make it difficult for people to focus and this the most common neurodevelopmental condition in children.
Detect face for playing game with no hands,https://www.hackster.io/nguyenhuuvinhhanoi/detect-face-for-playing-game-with-no-hands-309703,"Last summer, I had a memorable time working with Arduino in a camp for disabled people with my school program. In that camp, I saw that unlucky children can not play games without using their hands, they lost their hands in an accident. I'm extremely hurt. They are 18 years old, the same age as me but they study really hard and face bad problems that no one can't imagine. I think that there are some way for they can playing with no-hand. So I started this project 2 months and want to create some way to play game without using hand. I saw that in ""pyautogui"" and some library in python can help me to that. ""Pyautogui"" can help me control keyboard and screen with coding. The second problem is how to run that code to control keyboard. I think the best way is basing on face of users. In youtube, there are some way to control mouse with the movement of face. With that, I think we can use our face to play game, control the game without using hand. In the future, I sure that I will create more about detecting to play advance game and I want a world where people lost their hands can playing game. Thanks you"
Tell me my time,https://www.hackster.io/alistair/tell-me-my-time-c386b3,
Hold my stick,https://www.hackster.io/alistair/hold-my-stick-a991d4,
Vision2Audio - Giving the blind an understanding through AI,https://www.hackster.io/shahizat/vision2audio-giving-the-blind-an-understanding-through-ai-33f929,"People who are visually impaired or blind encounter numerous challenges in their daily lives, such as difficulty perceiving objects and their surroundings along their routes. Individuals with visual impairments may face limitations in activities such as swimming, playing computer games, walkings and many other recreational activities. To put simply, there remains a gap in this field with respect to enhancing the quality of life for individuals with blindness and vision impairment."
Kickboard for Visually Impaired Swimmers (WIP),https://www.hackster.io/CeruleanMars/kickboard-for-visually-impaired-swimmers-wip-37fc69,
Cracked road detection for better travel,https://www.hackster.io/hendra/cracked-road-detection-for-better-travel-e00340,"One of the challenge faced by wheelchair user is cracked road, where sometimes if the user is losing focus they could bump into a cracked road or a pothole that could cause injury."
Smart Cabana at Swimming pool,https://www.hackster.io/512374/smart-cabana-at-swimming-pool-0d2a7d,
Swimmer Orientation with haptic feedback using ML,https://www.hackster.io/newexcuse/swimmer-orientation-with-haptic-feedback-using-ml-24dfd7,"The device was created as a means to provide other, nonvisual means, for swimmers to orient themselves when lap swimming without outside support as current means were incredibly limited. This system was intended to use the direct image of the pool bottom, in coordination with a gyroscope for accuracy, to identify the lane lines and use them to provide a haptic signal via vibrational motors on each side of the device. This would allow for a swimmer with vision impairments to swim independently and in full control of their orientation device. Slots are present to add straps so the device may be worn as a chest piece similar to a heart rate monitor. "
NeuroPlay,https://www.hackster.io/adityatd112/neuroplay-dbbf2a,"Inspired from this idea and its utilization in commodities like gaming, I built this proof-of-concept prototype into an early startup and this past month went to several incubators and VCs. It was recently selected by State's Department of Industries to be showcased in front of state dignitaries, and the innovation was covered by national news outlets and also selected by AWS/Campus Fund for a seed grant for making this into an MVP for commercial use (even had a veteran evaluation by them on 30 Nov in the afternoon). I also have relevant pitch decks and reports in this Drive Folder: https://drive.google.com/drive/folders/1tqgCHub_3V-1H43Wiq1N0b5FoTFKDYR0?usp=sharing"
BrailleBot,https://www.hackster.io/Mukesh_Sankhla/braillebot-063dfe,
SOS : Device for People with disability to Call for Support,https://www.hackster.io/MohamedAliBedair/sos-device-for-people-with-disability-to-call-for-support-6031d7,"Nowadays a lot of cities are consider barrier-free, this give people with mobility impairments the ability to travel by themselves without being dependent on someone else."
PortaPillole - a SMART medicine container,https://www.hackster.io/pasquale887/portapillole-a-smart-medicine-container-86b01b,
AquaGuide,https://www.hackster.io/danielkizit0/aquaguide-5c1b48,"Swimming has been a sport that has been undertaken by many individuals of all ages. Moreover, it is an easily adaptive sport for athletes who are blind or partially sighted. This has been proven so ever since the inception of para-swimming at the first Paralympic Games in Rome in 1960. But the advent of para-swimming never came without its fair share of challenges; with the two main challenges being improper lane navigation and poor flip-turn timing."
Navigation Assistance for Visually Impared,https://www.hackster.io/3DPrinterDoctor/navigation-assistance-for-visually-impared-e23d6c,
Digital Travel Lanyard,https://www.hackster.io/Meadeor/digital-travel-lanyard-86cc82,
An Easily Findable Accessible Toilet using LoRa,https://www.hackster.io/taifur/an-easily-findable-accessible-toilet-using-lora-806a0d,
Aquasense,https://www.hackster.io/senapatimohit/aquasense-f9a7d5,Introduction
Jeeva - AI Based Smart Assist for Elderly,https://www.hackster.io/vishwasnavada/jeeva-ai-based-smart-assist-for-elderly-a4f2ec,"It would be easy for a healthy human being to get around places and do some aerobic exercises without any external aid, but the life is completely different when you have a disability even the involuntary tasks such as breathing walking might become a nightmare. In order to help this kind of people, we developed a smart cane which has quite a lot of sensors and can do quite a bit of AI processing onboard. We use Avnet brainium module to detect obstacles and gestures so that it can help an end-user like a blind or physically challenged individual.     In current economic conditions, the earning for the home has to be done by both male and female individual in order to pay out the bills at the end of the month. This is a common practice in an urban area where basic living costs are exorbitant.       As a result of this practice, elderly people are left back in the home when young ones go out for earning. Older people as they age they will need support for even walking like a cane or wheelchair. The use of a stick as a support for walking is there from stone ages."
Meta Adventure,https://www.hackster.io/anaborrell00/meta-adventure-a38bf7,"Meta Adventure is a groundbreaking virtual reality game that redefines exploration by integrating Google Earth's vast repository of global landscapes. Imagine sitting in the comfort of your home, yet being able to traverse the Grand Canyon, roam the streets of Tokyo, or explore the Pyramids of Giza‚Äîall while seated in a wheelchair."
Generative AI - Virtual Agent with M5Stack,https://www.hackster.io/johnnietien/generative-ai-virtual-agent-with-m5stack-4c133a,
Navigation beacon,https://www.hackster.io/juan-biomechanics/navigation-beacon-3ae8d3,"""What were the needs or pain points that you attended to and identified when you were solving problems faced by the Contest Masters?"""
Swim Pal Visual Guide,https://www.hackster.io/vlasov01/swim-pal-visual-guide-7be116,"The solution monitors position of the swimmer, calculates distance to the end of the swim line and communicate it to the swimmer when to turn. It will allow swimmer to enjoy the swim without being concern about his/her location and obstacles."
Macro Mouse,https://www.hackster.io/the-confused-genius/macro-mouse-8f6bbb,
Swim safe and flashy,https://www.hackster.io/rachael2/swim-safe-and-flashy-049030,"The design consists of a wearable-detachable waterproof red light and a protection cushion. The red light gives other swimmers in the pool a signal that a blind swimmer is approaching. When seeing the light, other swimmers automatically clear the line and give extra space for the blind swimmer. Additionally, since the blind swimmers cannot predict where the edge of the swimming pool is, or where the other people are, they are very likely hitting the wall or bumping into other people. To protect the blind swimmers, a floating cushion is designed to buffer the hit. At the same time, it serves as a secondary notice for other swimmers to keep their distance. In the worst-case scenario, other swimmers will not hurt the blind swimmers, but the impact is safely absorbed by the cushion."
Travel safe and sound,https://www.hackster.io/rachael2/travel-safe-and-sound-f7ff28,"It is very hard for people in wheelchairs to travel alone, as they constantly require help and care from others. However, by simply installing an alarm on the wheelchair, disabled individuals are able to travel on their own. Whenever something is needed, they can simply press the button, and a pre-recorded message will be announced. People within 10 meters of distance can clearly hear the message and rapidly come to help. As a simple example, the disabled personnel can record ‚Äúexcuse me, could you help me‚Äù in the device (so that you can travel ‚Äòsafe‚Äô but also with ‚Äòsound‚Äô, hence the title ‚Äòtravel safe and sound‚Äô). After pressing the button and getting a willing volunteer to help, the disabled personnel can communicate his needs in better detail. In this way, finally, people with disability can travel alone without the need of intense help and care."
Reversible peaceful mode button,https://www.hackster.io/rachael2/reversible-peaceful-mode-button-f8b8f9,"One of the most popular games in human history is Minecraft. Each year, gamers spend hundreds of hours on that game, building their dream house and enjoying the freedom of exploration in the game. However, there is a very annoying mob in the game called ‚Äúcreeper‚Äù. Once a creeper locates the player, it will explode and harm the player. The only way for the player to avoid damage is by quickly running away. Yet, when the player‚Äôs mobility is restricted, it becomes very challenging to avoid such a situation. Is it fair to punish our disabled gamers with such asituation, not because they are not good at the game but because they simply cannot respond so fast? The answer is NO. Therefore, in this design, we propose a solution to such a situation, by giving our disabled gamer a button to change to ‚Äúpeaceful mode‚Äù instantaneously. Simultaneously the life-threatening creeper will disappear with that simple hit. The button is connected to the keyboard, and it is big enough so hitting it during an emergency is very simple. This button even provides a reversible feature, meaning that hitting the button again turns off the ‚Äúpeaceful mode‚Äù and our gamer can enjoy the game again. This is THE key to make Minecraft accessible and inclusive to ALL."
hand gesture based game,https://www.hackster.io/jathavan19/hand-gesture-based-game-cd736e,
Voice Controller in Game,https://www.hackster.io/min-ma/voice-controller-in-game-e30d15,
Morse Code Encoder,https://www.hackster.io/RucksikaaR/morse-code-encoder-3f5c37,"Morse code is a character encoding scheme used in telecommunication, and is named after Samuel F. B. Morse, an inventor of the telegraph. You would have probably seen movies where spies or secret agents transmit secret messages in form of Morse code. Actually, according to Crypto Museum, Morse code was heavily used for secret transmissions during WWI and WWII. Now it's time for you to try making a Morse code encode on your own."
Getting Started with blues hardware kit using Arduino IDE,https://www.hackster.io/user102774/getting-started-with-blues-hardware-kit-using-arduino-ide-bec0a6,"I hope everyone has access to the provided hardware in the above list. Here we explains how to use the hardware kit, provides a kick-start guide, and outlines the process of interfacing with the hardware."
Advanced 'Tapper',https://www.hackster.io/RucksikaaR/advanced-tapper-3d9439,"Swimming is one of the most popular sports and also a natural stress reliever which can have a therapeutic effect on the body and mind, while also promoting relaxation.  Swimming is for everyone and no one should be deprived of this stress buster."
Move-It!,https://www.hackster.io/nvraghavendra2000/move-it-2371ed,This is my submission to the Build2Gether innovation challenge and also my first submission to Hackster!
NeuroLimb,https://www.hackster.io/adityatd112/neurolimb-579d88,"""What were the needs or pain points that you attended to and identified when you were solving problems faced by the Contest Masters?"""
Fall/Accident Detection and Alert System,https://www.hackster.io/the-confused-genius/fall-accident-detection-and-alert-system-686f82,
Swimming pool with luminescent indicators,https://www.hackster.io/charlie-steinen/swimming-pool-with-luminescent-indicators-173bf8,"I think the current swimming pool design is not very friendly for people with limited vision. The lines at the bottom is totally black. As far as I know, it‚Äôs very hard to see black colored lines at the bottom, especially during the night. But if these lines are shiny, it helps to guide the swimmers. People can even choose the colour they want, having different patterns. I wasn‚Äôt able to implement it, but I made a prototype with clay (because it‚Äôs environmentally friendly, why waste resources for just an idea right?)"
Wheelchair with recycled concrete,https://www.hackster.io/charlie-steinen/wheelchair-with-recycled-concrete-c3b5cb,"I think the current wheelchair design is not the best for people with reduced mobility, because they are not environmentally friendly (often made with materials that harm our planet!!). At the same time, we also talk a lot about global carbon emission. When combining the two, we create a recycled concrete based wheelchair. These wheelchairs protect the people with disability, and can be used for self-defense when needed."
Apple vision but better,https://www.hackster.io/charlie-steinen/apple-vision-but-better-01fe8a,"Recently, Apple released their VR headset and it‚Äôs really cool! However, nobody thought it could be used by disabled individuals! How about that? I think that because they cannot move too much, the VR headset with eye-tracking is really cool. I wasn‚Äôt able to implement, but I made a prototype with clay (because it‚Äôs environmentally friendly, why waste resources for just an idea right?)"
Motion controller for people with limited arm function,https://www.hackster.io/yahya-khalid/motion-controller-for-people-with-limited-arm-function-4e15d3,Introduction:
TouchTrack Tactile Mouse,https://www.hackster.io/timo614/touchtrack-tactile-mouse-4114ca,
Luminous Lane Line,https://www.hackster.io/timo614/luminous-lane-line-9c00c9,
Panic Button,https://www.hackster.io/Liliana/panic-button-55ec8e,
Portable text reader with speech synthesizer,https://www.hackster.io/Liliana/portable-text-reader-with-speech-synthesizer-ee6fc0,
Gaze Driven Mouse Movement,https://www.hackster.io/thedonutsorelse/gaze-driven-mouse-movement-3409c7,
Medicine Guard,https://www.hackster.io/MarekTS/medicine-guard-3a2854,
Smart wheelchair,https://www.hackster.io/MarekTS/smart-wheelchair-56e4b9,
Smart assistant for swimmers,https://www.hackster.io/DreamLab/smart-assistant-for-swimmers-f94700,
Personal Pulse Meter,https://www.hackster.io/DreamLab/personal-pulse-meter-9259c4,
